
/**
* @defgroup Mysql常见问题
* @{
*/

/**
@verbatim
1、Sql Mode（Sql模式），mysql可以运行在不同的Sql Mode下，不同的Sql Mode定义了不同的Sql语法和数据校验。
2、举例来说，
	mysql> select @@session.sql_mode;
	+-------------------------------------------------------------+
	| @@session.sql_mode                                          |
	+-------------------------------------------------------------+
	| REAL_AS_FLOAT,PIPES_AS_CONCAT,ANSI_QUOTES,IGNORE_SPACE,ANSI |
	+-------------------------------------------------------------+
	1 row in set
	
	mysql> select * from user;
	+----+------+----------+------------+
	| ID | NAME | PASSWORD | UPDATETIME |
	+----+------+----------+------------+
	|  1 | Andy | 123456   | NULL       |
	+----+------+----------+------------+
	1 row in set
	
	mysql> update user set updatetime='2015-04-31 15:0:0';
	Database changed
	Rows matched: 1  Changed: 1  Warnings: 1
	mysql> show warnings;
	+---------+------+-----------------------------------------------------+
	| Level   | Code | Message                                             |
	+---------+------+-----------------------------------------------------+
	| Warning | 1264 | Out of range value for column 'UPDATETIME' at row 1 |
	+---------+------+-----------------------------------------------------+
	1 row in set
	
	mysql> select * from user;
	+----+------+----------+---------------------+
	| ID | NAME | PASSWORD | UPDATETIME          |
	+----+------+----------+---------------------+
	|  1 | Andy | 123456   | 0000-00-00 00:00:00 |
	+----+------+----------+---------------------+
	1 row in set
	
	在ansi模式下，更新一个无效的datetime，mysql给出一个warning，更新的时间为 0000-00-00 00:00:00
3、Sql模式设置为 strict_trans_tables，如下：
	mysql> set @@session.sql_mode='strict_trans_tables';
	Query OK, 0 rows affected
	
	mysql> update user set updatetime='2015-04-31 15:0:0';
	1292 - Incorrect datetime value: '2015-04-31 15:0:0' for column 'UPDATETIME' at row 1
	直接报错，error，不允许更新
	
	考虑事务的情况，如下：
	mysql> start transaction;
	Query OK, 0 rows affected
	
	mysql> update user set name='Bill' where id=1;
	Database changed
	Rows matched: 1  Changed: 1  Warnings: 0
	mysql> update user set updatetime='2015-04-31 15:0:0';
	1292 - Incorrect datetime value: '2015-04-31 15:0:0' for column 'UPDATETIME' at row 1
	mysql> commit;
	Query OK, 0 rows affected
	
	mysql> select * from user;
	+----+------+----------+---------------------+
	| ID | NAME | PASSWORD | UPDATETIME          |
	+----+------+----------+---------------------+
	|  1 | Bill | 123456   | 0000-00-00 00:00:00 |
	+----+------+----------+---------------------+
	1 row in set
	出现错误，不影响前面的操作，提交有效的操作。
4、strict_trans_tables比ansi严格，traditional比strict_trans_tables更严格。
5、需要说明的，ansi，strict_trans_tables，traditional是一些原子模式的组合，如下：
	mysql> set @@session.sql_mode='ansi';
	Query OK, 0 rows affected
	
	mysql> select @@session.sql_mode;
	+-------------------------------------------------------------+
	| @@session.sql_mode                                          |
	+-------------------------------------------------------------+
	| REAL_AS_FLOAT,PIPES_AS_CONCAT,ANSI_QUOTES,IGNORE_SPACE,ANSI |
	+-------------------------------------------------------------+
	1 row in set
	
	mysql> set @@session.sql_mode='strict_trans_tables';
	Query OK, 0 rows affected
	
	mysql> select @@session.sql_mode;
	+---------------------+
	| @@session.sql_mode  |
	+---------------------+
	| STRICT_TRANS_TABLES |
	+---------------------+
	1 row in set
	
	mysql> set @@session.sql_mode='traditional';
	Query OK, 0 rows affected
	
	mysql> select @@session.sql_mode;
	+------------------------------------------------------------------------------------------------------------------------------------------------------+
	| @@session.sql_mode                                                                                                                                   |
	+------------------------------------------------------------------------------------------------------------------------------------------------------+
	| STRICT_TRANS_TABLES,STRICT_ALL_TABLES,NO_ZERO_IN_DATE,NO_ZERO_DATE,ERROR_FOR_DIVISION_BY_ZERO,TRADITIONAL,NO_AUTO_CREATE_USER,NO_ENGINE_SUBSTITUTION |
	+------------------------------------------------------------------------------------------------------------------------------------------------------+
	1 row in set
6、mysql默认的sql mode是STRICT_TRANS_TABLES再加上两个原子模式NO_AUTO_CREATE_USER和NO_ENGINE_SUBSTITUTION，如下：
	mysql> select @@global.sql_mode;
	+----------------------------------------------------------------+
	| @@global.sql_mode                                              |
	+----------------------------------------------------------------+
	| STRICT_TRANS_TABLES,NO_AUTO_CREATE_USER,NO_ENGINE_SUBSTITUTION |
	+----------------------------------------------------------------+
	1 row in set
	
	mysql> show global variables like '%mode%';
	+--------------------------+----------------------------------------------------------------+
	| Variable_name            | Value                                                          |
	+--------------------------+----------------------------------------------------------------+
	| innodb_autoinc_lock_mode | 1                                                              |
	| innodb_strict_mode       | OFF                                                            |
	| slave_exec_mode          | STRICT                                                         |
	| sql_mode                 | STRICT_TRANS_TABLES,NO_AUTO_CREATE_USER,NO_ENGINE_SUBSTITUTION |
	+--------------------------+----------------------------------------------------------------+
	4 rows in set
@endverbatim
*/
Sql_Mode;


/** @} */